-- phpMyAdmin SQL Dump
-- version 5.2.1
-- https://www.phpmyadmin.net/
--
-- Host: 127.0.0.1
-- Generation Time: Feb 08, 2024 at 07:28 AM
-- Server version: 10.4.28-MariaDB
-- PHP Version: 8.2.4

SET SQL_MODE = "NO_AUTO_VALUE_ON_ZERO";
START TRANSACTION;
SET time_zone = "+00:00";


/*!40101 SET @OLD_CHARACTER_SET_CLIENT=@@CHARACTER_SET_CLIENT */;
/*!40101 SET @OLD_CHARACTER_SET_RESULTS=@@CHARACTER_SET_RESULTS */;
/*!40101 SET @OLD_COLLATION_CONNECTION=@@COLLATION_CONNECTION */;
/*!40101 SET NAMES utf8mb4 */;

--
-- Database: `poja`
--

-- --------------------------------------------------------

--
-- Table structure for table `order_detail`
--

CREATE TABLE `order_detail` (
  `id` int(11) NOT NULL COMMENT 'ลำดับที่',
  `orderID` int(10) UNSIGNED ZEROFILL NOT NULL COMMENT 'เลขที่ใบสั่งซื้อ',
  `pro_id` int(6) UNSIGNED ZEROFILL NOT NULL COMMENT 'รหัสสินค้า',
  `orderPrice` float NOT NULL COMMENT 'ราคาสินค้า',
  `orderQty` int(11) NOT NULL COMMENT 'จำนวนที่สั่งซื้อ',
  `Total` float NOT NULL COMMENT 'ราคารวม'
) ENGINE=InnoDB DEFAULT CHARSET=utf8mb4 COLLATE=utf8mb4_general_ci;

--
-- Dumping data for table `order_detail`
--

INSERT INTO `order_detail` (`id`, `orderID`, `pro_id`, `orderPrice`, `orderQty`, `Total`) VALUES
(1, 0000000003, 000001, 215, 2, 430),
(2, 0000000011, 000020, 329, 2, 658),
(3, 0000000011, 000032, 185, 2, 370),
(4, 0000000012, 000035, 120, 2, 240),
(5, 0000000012, 000031, 155, 4, 620),
(6, 0000000013, 000001, 215, 4, 860),
(7, 0000000013, 000019, 239, 2, 478),
(8, 0000000014, 000001, 215, 5, 1075),
(9, 0000000014, 000019, 239, 3, 717),
(14, 0000000018, 000020, 329, 3, 987),
(15, 0000000018, 000021, 175, 2, 350),
(16, 0000000018, 000030, 680, 3, 2040),
(17, 0000000019, 000034, 120, 4, 480),
(18, 0000000019, 000031, 155, 5, 775),
(19, 0000000020, 000024, 122, 2, 244),
(20, 0000000020, 000031, 155, 1, 155),
(21, 0000000021, 000023, 229, 2, 458),
(22, 0000000021, 000030, 680, 4, 2720),
(23, 0000000022, 000033, 200, 3, 600),
(24, 0000000022, 000030, 680, 3, 2040),
(25, 0000000023, 000020, 329, 2, 658),
(26, 0000000023, 000031, 155, 2, 310),
(27, 0000000023, 000024, 122, 4, 488),
(28, 0000000023, 000034, 120, 3, 360),
(29, 0000000023, 000021, 175, 2, 350),
(30, 0000000023, 000022, 265, 3, 795),
(31, 0000000024, 000001, 215, 2, 430),
(32, 0000000024, 000020, 329, 3, 987),
(33, 0000000025, 000024, 122, 4, 488),
(34, 0000000025, 000021, 175, 2, 350),
(35, 0000000026, 000019, 239, 4, 956),
(36, 0000000026, 000021, 175, 1, 175),
(37, 0000000027, 000030, 680, 2, 1360),
(38, 0000000027, 000001, 215, 3, 645),
(39, 0000000028, 000001, 215, 3, 645),
(40, 0000000028, 000033, 200, 1, 200),
(41, 0000000029, 000019, 239, 3, 717),
(42, 0000000029, 000020, 329, 2, 658),
(43, 0000000030, 000019, 239, 3, 717),
(44, 0000000030, 000030, 680, 2, 1360),
(45, 0000000031, 000019, 239, 3, 717),
(46, 0000000031, 000034, 120, 3, 360),
(47, 0000000032, 000019, 239, 2, 478),
(48, 0000000032, 000001, 215, 3, 645),
(49, 0000000032, 000032, 185, 3, 555),
(50, 0000000033, 000020, 329, 2, 658),
(51, 0000000033, 000022, 265, 4, 1060),
(52, 0000000034, 000019, 239, 3, 717),
(53, 0000000034, 000020, 329, 2, 658),
(54, 0000000035, 000019, 239, 2, 478),
(55, 0000000035, 000001, 215, 1, 215),
(56, 0000000035, 000024, 122, 2, 244),
(57, 0000000036, 000020, 329, 2, 658),
(58, 0000000036, 000032, 185, 3, 555),
(59, 0000000037, 000001, 200, 2, 400),
(60, 0000000038, 000020, 329, 2, 658),
(61, 0000000038, 000021, 175, 1, 175),
(62, 0000000039, 000019, 239, 2, 478),
(63, 0000000039, 000020, 329, 2, 658),
(64, 0000000040, 000019, 239, 1, 239),
(65, 0000000040, 000021, 175, 1, 175),
(66, 0000000041, 000020, 329, 1, 329),
(67, 0000000041, 000021, 175, 1, 175),
(68, 0000000043, 000021, 175, 2, 350),
(69, 0000000044, 000019, 239, 1, 239),
(70, 0000000044, 000020, 329, 2, 658),
(71, 0000000045, 000023, 229, 1, 229),
(72, 0000000046, 000020, 329, 1, 329),
(73, 0000000046, 000021, 175, 2, 350),
(74, 0000000047, 000019, 239, 2, 478),
(75, 0000000047, 000021, 175, 1, 175),
(76, 0000000048, 000020, 329, 1, 329),
(77, 0000000048, 000021, 175, 3, 525),
(78, 0000000049, 000019, 239, 3, 717),
(79, 0000000050, 000020, 329, 2, 658),
(80, 0000000050, 000032, 185, 1, 185),
(81, 0000000050, 000034, 120, 3, 360),
(82, 0000000051, 000019, 239, 1, 239),
(83, 0000000052, 000020, 329, 2, 658),
(84, 0000000053, 000019, 239, 1, 239),
(85, 0000000054, 000001, 200, 2, 400),
(86, 0000000055, 000020, 329, 4, 1316),
(87, 0000000056, 000019, 239, 3, 717),
(88, 0000000057, 000019, 239, 1, 239),
(89, 0000000058, 000021, 175, 1, 175),
(90, 0000000058, 000034, 120, 2, 240);

-- --------------------------------------------------------

--
-- Table structure for table `product`
--

CREATE TABLE `product` (
  `pro_id` int(6) UNSIGNED ZEROFILL NOT NULL COMMENT 'รหัสสินค้า',
  `pro_name` varchar(100) NOT NULL COMMENT 'ชื่อสินค้า',
  `detail` varchar(1000) NOT NULL COMMENT 'รายละเอียด',
  `type_id` int(3) UNSIGNED ZEROFILL NOT NULL COMMENT 'รหัสประเภทสินค้า',
  `price` float NOT NULL COMMENT 'ราคา',
  `amount` int(11) NOT NULL COMMENT 'จำนวนคงเหลือ',
  `image` varchar(100) NOT NULL COMMENT 'รูปภาพ'
) ENGINE=InnoDB DEFAULT CHARSET=utf8mb4 COLLATE=utf8mb4_general_ci;

--
-- Dumping data for table `product`
--

INSERT INTO `product` (`pro_id`, `pro_name`, `detail`, `type_id`, `price`, `amount`, `image`) VALUES
(000001, 'ACR', 'ประเภทสินค้า : ACR เพลารถเข็นเกลียวล็อค รายละเอียด : เพลารถเข็นใช้เป็นแกนเพลาขับเคลื่อนล้อ ผลิตจากเหล็กคุณภาพดีมีความแข็งแรง ทนทานต่อการใช้งาน ใช้คู่กับล้อรถเข็นตามความเหมาะสม ความกว้าง 12.00 เซนติเมตร ความยาว 12.00 เซนติเมตร ความสูง 65.00 เซนติเมตร สี สีดำ หน่วยนับ อัน * เป็นอะไหล่แกนเพลารถเข็นอเนกประสงค์ * เพลารถเข็นล็อคปริ้น1นิ้วx21นิ้ว * ผลิตจากวัสดุคุณภาพดี เหล็กข้ออ้อย ผ่านกระบวนการผลิตด้วยเครื่องจักรที่ทันสมัย * มีความแข็งแรง ทนทาน ทนต่อการใช้งาน * ใช้งานสวมกับตลับลูกปืนรูใน 20 มม. * น้ำหนัก (กก.)1.7', 002, 200, 8, 'pro_658f8c3a23895.jpg'),
(000019, 'ACR เพลารถเข็นเกลียวล็อค 1นิ้ว x 22นิ้ว', '* เป็นอะไหล่แกนเพลารถเข็นอเนกประสงค์ * เพลารถเข็นเกลียวล็อค 1นิ้วx22นิ้ว * ผลิตจากวัสดุคุณภาพดี เหล็กข้ออ้อย ผ่านกระบวนการผลิตด้วยเครื่องจักรที่ทันสมัย * มีความแข็งแรง ทนทาน ทนต่อการใช้งาน * ใช้งานสวมกับตลับลูกปืนรูใน 20 มม. * น้ำหนัก 1.9(กก.)  ความกว้าง 12.00 นิ้ว ความยาว 12.00 นิ้ว ความสูง 65.00 นิ้ว สี สีดำ หน่วยนับ อัน คุณสมบัติทั่วไป  * เป็นอะไหล่แกนเพลารถเข็นอเนกประสงค์ * เพลารถเข็นเกลียวล็อค 1นิ้วx22นิ้ว * ผลิตจากวัสดุคุณภาพดี เหล็กข้ออ้อย ผ่านกระบวนการผลิตด้วยเครื่องจักรที่ทันสมัย * มีความแข็งแรง ทนทาน ทนต่อการใช้งาน * ใช้งานสวมกับตลับลูกปืนรูใน 20 มม. * น้ำหนัก 1.9(กก.)', 003, 239, 7, 'pro_652250a31927a.jpg'),
(000020, 'ACR ล้อรถเข็นล้อแม็ก รุ่น PL0163 เหล็กหล่อขนาด 12 นิ้ว', 'ล้อรถเข็น ล้อแม็กเหล็กหล่อ ยางดำ มีความคงทนแข็งแรงมีหลากหลายขนาด เหมาะสำหรับงานซ่อมแซม ให้เลือกตามการใช้งานตามความเหมาะสม การใช้งานในโรงงานอุสหกรรมหรือติดตั้งอุปกรณ์ที่ต้องการรับน้ำหนักมาก เช่น รถเข็นของ รถเข็นแม่ค้า งานเฟอร์นิเจอร์ หรือติดตั้งอุปกรณืทั่วไปเพื่อการทุ่นแรงและคลองตัว เป็นต้น  ความกว้าง 30 เซนติเมตร ความยาว 30 เซนติเมตร ความสูง 4.2 เซนติเมตร สี สีแดง หน่วยนับ อัน *  * ล้อรถเข็น 12 นิ้ว ใช้ประกอบรถเข็นใหม่ เป็นอะไหล่ * หรือใช้สำหรับ ซ่อมแซม เปลี่ยนทดแทนล้อรถเข็นที่ชำรุดสึกหรอเสียหาย * ใช้ได้กับทุกประเภท เช่น รถเข็นผัก -ผลไม้-ต้นไม้-น้ำ-ขยะ * ควรเลือกใช้งานให้เหมาะสม ตามขนาด', 002, 329, 2, 'pro_652250f68f727.jpg'),
(000021, 'ACR ล้อรถเข็นล้อแม็ก รุ่น PL0160 เหล็กหล่อขนาด 6 นิ้ว', 'ล้อรถเข็น ล้อแม็กเหล็กหล่อ ยางดำ มีความคงทนแข็งแรงมีหลากหลายขนาด ให้เลือกตามการใช้งานตามความเหมาะสม การใช้งานในโรงงานอุสหกรรมหรือติดตั้งอุปกรณ์ที่ต้องการรับน้ำหนักมาก เช่น รถเข็นของ รถเข็นแม่ค้า เพื่อการทุ่นแรงและคลองตัว เป็นต้น  ความกว้าง 33.00 เซนติเมตร ความยาว 33.00 เซนติเมตร ความสูง 35.00 เซนติเมตร สี สีแดง หน่วยนับ อัน *  * ล้อรถเข็น 6 นิ้ว ใช้ประกอบรถเข็นใหม่ เป็นอะไหล่ * หรือใช้สำหรับ ซ่อมแซม เปลี่ยนทดแทนล้อรถเข็นที่ชำรุดสึกหรอเสียหาย * ใช้ได้กับทุกประเภท เช่น รถเข็นผัก -ผลไม้-ต้นไม้-น้ำ-ขยะ * ควรเลือกใช้งานให้เหมาะสม ตามขนาด', 002, 175, 8, 'pro_6522520d45f20.jpg'),
(000022, 'ACR ล้อรถเข็นล้อแม็ก รุ่น PL0162 เหล็กหล่อขนาด 10 นิ้ว', 'ล้อรถเข็น ล้อแม็กเหล็กหล่อ ยางดำ มีความคงทนแข็งแรงมีหลากหลายขนาด ให้เลือกตามการใช้งานตามความเหมาะสม การใช้งานในโรงงานอุสหกรรมหรือติดตั้งอุปกรณ์ที่ต้องการรับน้ำหนักมาก เช่น รถเข็นของ รถเข็นแม่ค้า เพื่อการทุ่นแรงและคลองตัว เป็นต้น  ความกว้าง 33.00 เซนติเมตร ความยาว 33.00 เซนติเมตร ความสูง 35.00 เซนติเมตร สี สีแดง หน่วยนับ อัน  * ล้อรถเข็น 10 นิ้ว ใช้ประกอบรถเข็นใหม่ เป็นอะไหล่ * หรือใช้สำหรับ ซ่อมแซม เปลี่ยนทดแทนล้อรถเข็นที่ชำรุดสึกหรอเสียหาย * ใช้ได้กับทุกประเภท เช่น รถเข็นผัก -ผลไม้-ต้นไม้-น้ำ-ขยะ * ควรเลือกใช้งานให้เหมาะสม ตามขนาด', 002, 265, 13, 'pro_6522525de0d8f.jpg'),
(000023, 'ACR ล้อรถเข็นล้อแม็ก รุ่น PL0161 เหล็กหล่อขนาด 8 นิ้ว', 'ล้อรถเข็น ล้อแม็กเหล็กหล่อ ยางดำ มีความคงทนแข็งแรงมีหลากหลายขนาด ให้เลือกตามการใช้งานตามความเหมาะสม การใช้งานในโรงงานอุสหกรรมหรือติดตั้งอุปกรณ์ที่ต้องการรับน้ำหนักมาก เช่น รถเข็นของ รถเข็นแม่ค้า เพื่อการทุ่นแรงและคลองตัว เป็นต้น  ความกว้าง 33.00 เซนติเมตร ความยาว 33.00 เซนติเมตร ความสูง 35.00 เซนติเมตร สี สีแดง หน่วยนับ อัน', 002, 229, 7, 'pro_6522529bcab83.jpg'),
(000024, 'มู่เล่ย์ ร่องคู่ A 2X5/8 ', '* มู่เล่ย์ ร่องคู่A2\'X5/8\' * ใช้คู่กับสายพานร่องA * ใช้กับ มอเตอร์ไฟฟ้าแกน5/8\'หรือ16mm * ใช้สำหรับทดรอบความเร็วให้กับเครื่องจักร เช่น การเกษตร เครื่องปั้นต้นข้าวโพด อุตสหกรรม เครื่องบดพริก เครื่องคั้นกระทิ ปั้มลม อื่นๆ * หรือประยุกต์ตามความเหมาะสมกับการใช้งาน  ความกว้าง 50 มิลลิเมตร ความยาว 52 มิลลิเมตร ความสูง 52 มิลลิเมตร สี สีเทา หน่วยนับ อัน', 001, 122, 14, 'pro_65225036521d5.jpg'),
(000030, 'มุ่เล่ย์ ร่องคู่ B 8 นิ้ว รูร่องเพลาขนาด 30 mm. ACR ', 'มู่เล่ย์( PULLEY) เป็นชิ้นส่วนสำคัญในระบบ มอเตอร์สายพาน ที่ทำหน้าที่ในการเปลี่ยนแปลงทิศทาง และควบคุมความตึงหรือความหย่อน ของมอเตอร์สายพานในระบบและในบางครั้งก็ทำหน้าที่ปรับเปลี่ยนสายพาน เพื่อให้สายพานเดินได้แนวตลอด ( ควรเลือกขนาดสำหรับการใช้งานให้เสมาะสม)  ความกว้าง 9 มิลลิเมตร ความยาว 4 มิลลิเมตร ความสูง 5 มิลลิเมตร สี สีเทา หน่วยนับ ชิ้น', 001, 680, 16, 'pro_65224fe618a4a.jpg'),
(000031, 'ACR มู่เล่ย์ ร่องเดี่ยว A 3.1/2x28mm', '* มู่เล่ย์ ร่องเดี่ยวA3.1/2X28mm * ใช้คู่กับสายพานร่องA * ใช้กับ มอเตอร์ไฟฟ้าแกน 28 mm * ใช้สำหรับทดรอบความเร็วให้กับเครื่องจักร เช่น การเกษตร เครื่องปั้นต้นข้าวโพด อุตสหกรรม เครื่องบดพริก เครื่องคั้นกระทิ ปั้มลม อื่นๆ * หรือประยุกต์ตามความเหมาะสมกับการใช้งาน  ความกว้าง 90 มิลลิเมตร ความยาว 40 มิลลิเมตร ความสูง 40 มิลลิเมตร สี สีเทา หน่วยนับ อัน', 001, 155, 46, 'pro_65224fa815f59.jpg'),
(000032, 'มู่เล่ย์ร่องเดี่ยว A 2.1/2x28mm', '* มู่เล่ย์ ร่องเดี่ยวA2.1/2\'X28mm * ใช้คู่กับสายพานร่องA * ใช้กับ มอเตอร์ไฟฟ้าแกน28mm * ใช้สำหรับทดรอบความเร็วให้กับเครื่องจักร เช่น การเกษตร เครื่องปั้นต้นข้าวโพด อุตสหกรรม เครื่องบดพริก เครื่องคั้นกระทิ ปั้มลม อื่นๆ * หรือประยุกต์ตามความเหมาะสมกับการใช้งาน  ความกว้าง 64 มิลลิเมตร ความยาว 38 มิลลิเมตร ความสูง 38 มิลลิเมตร สี สีเทา หน่วยนับ อัน', 001, 185, 15, 'pro_652652540467f.jpg'),
(000033, 'มู่เล่ย์ ร่องเดี่ยว B 4 x5/8', 'มู่เล่ย์( PULLEY) เป็นชิ้นส่วนสำคัญในระบบ มอเตอร์สายพาน ที่ทำหน้าที่ในการเปลี่ยนแปลงทิศทาง และควบคุมความตึงหรือความหย่อน ของมอเตอร์สายพานในระบบและในบางครั้งก็ทำหน้าที่ปรับเปลี่ยนสายพาน เพื่อให้สายพานเดินได้แนวตลอด ( ควรเลือกขนาดสำหรับการใช้งานให้เสมาะสม)  ความกว้าง 4 มิลลิเมตร ความยาว 39 มิลลิเมตร ความสูง 37 มิลลิเมตร หน่วยนับ อัน', 001, 200, 29, 'pro_6540d637e52fd.jpg'),
(000034, 'ACR มู่เล่ย์ ร่องเดี่ยว B 2x14mm', ' มู่เล่ย์ ร่องเดี่ยวB 2\'X14mm * ใช้คู่กับสายพานร่องB * ใช้กับ มอเตอร์ไฟฟ้าแกน 14 mm * ใช้สำหรับทดรอบความเร็วให้กับเครื่องจักร เช่น การเกษตร เครื่องปั้นต้นข้าวโพด อุตสหกรรม เครื่องบดพริก เครื่องคั้นกระทิ ปั้มลม อื่นๆ * หรือประยุกต์ตามความเหมาะสมกับการใช้งาน  ความกว้าง 52 มิลลิเมตร ความยาว 36 มิลลิเมตร ความสูง 36 มิลลิเมตร สี สีเทา หน่วยนับ อัน', 001, 120, 15, 'pro_6540d751f1e07.jpg');

-- --------------------------------------------------------

--
-- Table structure for table `tb_order`
--

CREATE TABLE `tb_order` (
  `orderID` int(10) NOT NULL COMMENT 'เลขที่ใบสั่งซื้อ',
  `cus_name` varchar(60) NOT NULL COMMENT 'ชื่อ-นามสกุล',
  `address` text NOT NULL COMMENT 'ที่อยุ่การจัดส่งสินค้า',
  `telephone` varchar(10) NOT NULL COMMENT 'เบอร์โทรศัพท์',
  `total_price` float NOT NULL COMMENT 'ราคารวมสุทธิ',
  `order_status` varchar(1) NOT NULL COMMENT '0=ยกเลิก, 1=ยังไม่ชำละเงิน, 2=ชำละเงินแล้ว',
  `reg_data` timestamp NOT NULL DEFAULT current_timestamp() ON UPDATE current_timestamp() COMMENT 'วันที่สั่งซื้อ',
  `image1` varchar(100) NOT NULL COMMENT 'สลิปเงิน'
) ENGINE=InnoDB DEFAULT CHARSET=utf8mb4 COLLATE=utf8mb4_general_ci;

--
-- Dumping data for table `tb_order`
--

INSERT INTO `tb_order` (`orderID`, `cus_name`, `address`, `telephone`, `total_price`, `order_status`, `reg_data`, `image1`) VALUES
(54, 'นายเก็ท สวัสดี', '175621', '0917893694', 500, '1', '2024-02-08 04:52:09', 'pro_65c45df9d7608.jpg'),
(55, 'นาย ชนิทร์ มาลี', '17852', '0917893694', 1416, '2', '2024-02-08 06:16:15', 'pro_65c461dee298e.jpg'),
(56, 'sdffsdf', 'sdfsdfdsf', '0917893694', 817, '0', '2024-02-08 06:22:54', 'pro_65c46589f3fd9.jpg'),
(57, 'xcvxcv', 'xcvxcvxcv', '0978456210', 339, '1', '2024-02-08 05:26:33', 'pro_65c46609e9d5b.jpg'),
(58, 'นาย ปอน นะครับ', '1628', '0917893694', 515, '0', '2024-02-08 06:28:02', 'pro_65c473850680e.jpg');

-- --------------------------------------------------------

--
-- Table structure for table `type`
--

CREATE TABLE `type` (
  `type_id` int(3) UNSIGNED ZEROFILL NOT NULL COMMENT 'ประเภทสินค้า',
  `type_name` varchar(50) NOT NULL COMMENT 'รหัสชื่อประเภทสินค้า'
) ENGINE=InnoDB DEFAULT CHARSET=utf8mb4 COLLATE=utf8mb4_general_ci;

--
-- Dumping data for table `type`
--

INSERT INTO `type` (`type_id`, `type_name`) VALUES
(001, 'มู่เล่ย์ร่องคู่'),
(002, 'ACR ล้อรถเข็นล้อแม็ก'),
(003, 'ACR เพลารถเข็นเกลียวล็อค');

-- --------------------------------------------------------

--
-- Table structure for table `users`
--

CREATE TABLE `users` (
  `id` int(10) NOT NULL,
  `username` varchar(255) CHARACTER SET utf8 COLLATE utf8_unicode_ci NOT NULL,
  `email` varchar(255) NOT NULL,
  `password` varchar(255) NOT NULL,
  `urole` char(1) NOT NULL,
  `firstname` varchar(255) NOT NULL,
  `lastname` varchar(255) NOT NULL,
  `created_at` timestamp NOT NULL DEFAULT current_timestamp()
) ENGINE=InnoDB DEFAULT CHARSET=utf8 COLLATE=utf8_general_ci;

--
-- Dumping data for table `users`
--

INSERT INTO `users` (`id`, `username`, `email`, `password`, `urole`, `firstname`, `lastname`, `created_at`) VALUES
(2, 'maxjax', 'maxkerjax@gmail.com', '$2y$10$.j1rWYzSh6NIF5Htyq9Ox.W7B5m1LqL06iK798L1a7teVwclCVjcG', '1', 'Phet', 'addmin', '2023-09-28 10:06:22'),
(10, 'pumgpond', 'pungpond@gmail.com', '$2y$10$ivwvMWcuF6DANEVPelEcgOsrz5atrDCPwRDFLPYQBpu2AZiJBoqFu', '2', 'ปังปอน', 'มาลี', '2024-01-19 08:37:03'),
(11, 'masterphet', 'masterphet1234@gmail.com', '$2y$10$nZS4YIO16o42frJ.pEEuB.aoh/.c7yJGOOt9Nra29OAfw5i3nuTZK', '2', 'ชนินทร์', 'มาลี', '2024-01-21 09:43:21');

--
-- Indexes for dumped tables
--

--
-- Indexes for table `order_detail`
--
ALTER TABLE `order_detail`
  ADD PRIMARY KEY (`id`);

--
-- Indexes for table `product`
--
ALTER TABLE `product`
  ADD PRIMARY KEY (`pro_id`);

--
-- Indexes for table `tb_order`
--
ALTER TABLE `tb_order`
  ADD PRIMARY KEY (`orderID`);

--
-- Indexes for table `type`
--
ALTER TABLE `type`
  ADD PRIMARY KEY (`type_id`);

--
-- Indexes for table `users`
--
ALTER TABLE `users`
  ADD PRIMARY KEY (`id`);

--
-- AUTO_INCREMENT for dumped tables
--

--
-- AUTO_INCREMENT for table `order_detail`
--
ALTER TABLE `order_detail`
  MODIFY `id` int(11) NOT NULL AUTO_INCREMENT COMMENT 'ลำดับที่', AUTO_INCREMENT=91;

--
-- AUTO_INCREMENT for table `product`
--
ALTER TABLE `product`
  MODIFY `pro_id` int(6) UNSIGNED ZEROFILL NOT NULL AUTO_INCREMENT COMMENT 'รหัสสินค้า', AUTO_INCREMENT=38;

--
-- AUTO_INCREMENT for table `tb_order`
--
ALTER TABLE `tb_order`
  MODIFY `orderID` int(10) NOT NULL AUTO_INCREMENT COMMENT 'เลขที่ใบสั่งซื้อ', AUTO_INCREMENT=59;

--
-- AUTO_INCREMENT for table `type`
--
ALTER TABLE `type`
  MODIFY `type_id` int(3) UNSIGNED ZEROFILL NOT NULL AUTO_INCREMENT COMMENT 'ประเภทสินค้า', AUTO_INCREMENT=4;

--
-- AUTO_INCREMENT for table `users`
--
ALTER TABLE `users`
  MODIFY `id` int(10) NOT NULL AUTO_INCREMENT, AUTO_INCREMENT=12;
COMMIT;

/*!40101 SET CHARACTER_SET_CLIENT=@OLD_CHARACTER_SET_CLIENT */;
/*!40101 SET CHARACTER_SET_RESULTS=@OLD_CHARACTER_SET_RESULTS */;
/*!40101 SET COLLATION_CONNECTION=@OLD_COLLATION_CONNECTION */;
